{"cameraMode":{"drawMode":0,"name":"Shaded","section":"Shading Mode"},"sceneLighting":true,"audioPlay":false,"sceneViewState":{"showFog":true,"showMaterialUpdate":false,"showSkybox":true,"showFlares":true,"showImageEffects":true,"showParticleSystems":true},"in2DMode":false,"pivot":{"x":2.0481717586517336,"y":5.51686954498291,"z":0.40747877955436709},"rotation":{"x":-0.14943313598632813,"y":-0.013943941332399845,"z":0.0021076733246445657,"w":-0.98867267370224},"size":9.707724571228028,"orthographic":false}