{"cameraMode":{"drawMode":0,"name":"Shaded","section":"Shading Mode"},"sceneLighting":true,"audioPlay":false,"sceneViewState":{"showFog":true,"showMaterialUpdate":false,"showSkybox":true,"showFlares":true,"showImageEffects":true,"showParticleSystems":true},"in2DMode":false,"pivot":{"x":7.636607646942139,"y":9.224700927734375,"z":1.3973300457000733},"rotation":{"x":-0.14943313598632813,"y":-0.013943941332399845,"z":0.0021076733246445657,"w":-0.98867267370224},"size":12.370367050170899,"orthographic":false}