{"cameraMode":{"drawMode":0,"name":"Shaded","section":"Shading Mode"},"sceneLighting":false,"audioPlay":false,"sceneViewState":{"showFog":true,"showMaterialUpdate":false,"showSkybox":false,"showFlares":true,"showImageEffects":true,"showParticleSystems":true},"in2DMode":false,"pivot":{"x":0.8931487202644348,"y":3.152738332748413,"z":0.232671856880188},"rotation":{"x":-0.049474600702524188,"y":-0.02457018382847309,"z":0.0012175695737823845,"w":-0.998473584651947},"size":9.10449504852295,"orthographic":false}