{"cameraMode":{"drawMode":0,"name":"Shaded","section":"Shading Mode"},"sceneLighting":false,"audioPlay":false,"sceneViewState":{"showFog":true,"showMaterialUpdate":false,"showSkybox":false,"showFlares":true,"showImageEffects":true,"showParticleSystems":true},"in2DMode":false,"pivot":{"x":0.6334922313690186,"y":1.155121922492981,"z":0.5202618837356567},"rotation":{"x":0.014394208788871766,"y":0.022496052086353303,"z":-0.00032372018904425204,"w":0.999645471572876},"size":8.613122940063477,"orthographic":false}