{"cameraMode":{"drawMode":0,"name":"Shaded","section":"Shading Mode"},"sceneLighting":false,"audioPlay":false,"sceneViewState":{"showFog":true,"showMaterialUpdate":false,"showSkybox":false,"showFlares":true,"showImageEffects":true,"showParticleSystems":true},"in2DMode":false,"pivot":{"x":20.939435958862306,"y":20.585508346557618,"z":29.151151657104493},"rotation":{"x":-0.27144306898117068,"y":0.4101903736591339,"z":-0.12932038307189942,"w":-0.8610169291496277},"size":73.42027282714844,"orthographic":false}