{"cameraMode":{"drawMode":0,"name":"Shaded","section":"Shading Mode"},"sceneLighting":false,"audioPlay":false,"sceneViewState":{"showFog":true,"showMaterialUpdate":false,"showSkybox":false,"showFlares":true,"showImageEffects":true,"showParticleSystems":true},"in2DMode":false,"pivot":{"x":-10.521912574768067,"y":5.541065692901611,"z":-8.596813201904297},"rotation":{"x":-0.17763037979602815,"y":0.5544759035110474,"z":-0.12254247069358826,"w":-0.8037356734275818},"size":66.5808334350586,"orthographic":false}