{"cameraMode":{"drawMode":0,"name":"Shaded","section":"Shading Mode"},"sceneLighting":true,"audioPlay":false,"sceneViewState":{"showFog":true,"showMaterialUpdate":false,"showSkybox":false,"showFlares":true,"showImageEffects":true,"showParticleSystems":true},"in2DMode":false,"pivot":{"x":-0.7704407572746277,"y":5.507870674133301,"z":-2.368957757949829},"rotation":{"x":-0.021081658080220224,"y":0.9788685441017151,"z":-0.1488410234451294,"w":-0.13864682614803315},"size":12.922927856445313,"orthographic":false}