{"cameraMode":{"drawMode":0,"name":"Shaded","section":"Shading Mode"},"sceneLighting":true,"audioPlay":false,"sceneViewState":{"showFog":true,"showMaterialUpdate":false,"showSkybox":false,"showFlares":true,"showImageEffects":true,"showParticleSystems":true},"in2DMode":false,"pivot":{"x":-9.274402618408204,"y":3.317627429962158,"z":-24.96554183959961},"rotation":{"x":0.01682465709745884,"y":-0.6398482322692871,"z":0.014013796113431454,"w":0.7681902647018433},"size":10.929085731506348,"orthographic":false}