{"cameraMode":{"drawMode":0,"name":"Shaded","section":"Shading Mode"},"sceneLighting":false,"audioPlay":false,"sceneViewState":{"showFog":true,"showMaterialUpdate":false,"showSkybox":false,"showFlares":true,"showImageEffects":true,"showParticleSystems":true},"in2DMode":false,"pivot":{"x":-0.6249259114265442,"y":3.042008638381958,"z":-1.2053738832473755},"rotation":{"x":-0.00009493074321653694,"y":0.9985906481742859,"z":0.053076907992362979,"w":0.0017937817610800267},"size":11.012301445007325,"orthographic":false}