{"cameraMode":{"drawMode":0,"name":"Shaded","section":"Shading Mode"},"sceneLighting":true,"audioPlay":false,"sceneViewState":{"showFog":true,"showMaterialUpdate":false,"showSkybox":false,"showFlares":true,"showImageEffects":true,"showParticleSystems":true},"in2DMode":false,"pivot":{"x":1.91202712059021,"y":6.180514335632324,"z":-31.661029815673829},"rotation":{"x":-0.001254757633432746,"y":0.997680127620697,"z":-0.06533969938755036,"w":-0.019161727279424669},"size":9.444025039672852,"orthographic":false}