{"cameraMode":{"drawMode":0,"name":"Shaded","section":"Shading Mode"},"sceneLighting":true,"audioPlay":false,"sceneViewState":{"showFog":true,"showMaterialUpdate":false,"showSkybox":true,"showFlares":true,"showImageEffects":true,"showParticleSystems":true},"in2DMode":false,"pivot":{"x":-4.6604204177856449,"y":2.3225419521331789,"z":5.20396614074707},"rotation":{"x":0.02786443568766117,"y":-0.04646506905555725,"z":0.0012966998619958759,"w":0.9985311627388},"size":38.81116485595703,"orthographic":false}