{"cameraMode":{"drawMode":0,"name":"Shaded","section":"Shading Mode"},"sceneLighting":false,"audioPlay":false,"sceneViewState":{"showFog":true,"showMaterialUpdate":false,"showSkybox":false,"showFlares":true,"showImageEffects":true,"showParticleSystems":true},"in2DMode":false,"pivot":{"x":-1.6748077869415284,"y":3.1142711639404299,"z":0.25848624110221865},"rotation":{"x":-0.08322349935770035,"y":-0.12730243802070619,"z":0.010719839483499527,"w":-0.9883097410202026},"size":9.280405044555664,"orthographic":false}