{"cameraMode":{"drawMode":0,"name":"Shaded","section":"Shading Mode"},"sceneLighting":false,"audioPlay":false,"sceneViewState":{"showFog":true,"showMaterialUpdate":false,"showSkybox":false,"showFlares":true,"showImageEffects":true,"showParticleSystems":true},"in2DMode":false,"pivot":{"x":48.043819427490237,"y":59.35248565673828,"z":-24.120445251464845},"rotation":{"x":-0.05893256887793541,"y":0.6454067826271057,"z":-0.05005490034818649,"w":-0.7599204778671265},"size":48.569618225097659,"orthographic":false}