{"cameraMode":{"drawMode":0,"name":"Shaded","section":"Shading Mode"},"sceneLighting":true,"audioPlay":false,"sceneViewState":{"showFog":true,"showMaterialUpdate":false,"showSkybox":true,"showFlares":true,"showImageEffects":true,"showParticleSystems":true},"in2DMode":false,"pivot":{"x":5.498916149139404,"y":-3.002250909805298,"z":122.83688354492188},"rotation":{"x":0.14016026258468629,"y":0.635657012462616,"z":-0.11882569640874863,"w":0.7497923374176025},"size":10.575791358947754,"orthographic":false}