{"cameraMode":{"drawMode":0,"name":"Shaded","section":"Shading Mode"},"sceneLighting":false,"audioPlay":false,"sceneViewState":{"showFog":true,"showMaterialUpdate":false,"showSkybox":false,"showFlares":true,"showImageEffects":true,"showParticleSystems":true},"in2DMode":false,"pivot":{"x":-0.5344646573066711,"y":-0.5199547410011292,"z":-4.462507247924805},"rotation":{"x":-0.20242926478385926,"y":0.09880956262350083,"z":-0.02053714543581009,"w":-0.9740886092185974},"size":19.104427337646486,"orthographic":false}