{"cameraMode":{"drawMode":0,"name":"Shaded","section":"Shading Mode"},"sceneLighting":false,"audioPlay":false,"sceneViewState":{"showFog":true,"showMaterialUpdate":false,"showSkybox":false,"showFlares":true,"showImageEffects":true,"showParticleSystems":true},"in2DMode":false,"pivot":{"x":0.0,"y":0.9352989196777344,"z":-0.054431915283203128},"rotation":{"x":-0.1497373729944229,"y":-0.009790711104869843,"z":0.0014832083834335209,"w":-0.9886782765388489},"size":5.010716438293457,"orthographic":false}