{"cameraMode":{"drawMode":0,"name":"Shaded","section":"Shading Mode"},"sceneLighting":false,"audioPlay":false,"sceneViewState":{"showFog":true,"showMaterialUpdate":false,"showSkybox":false,"showFlares":true,"showImageEffects":true,"showParticleSystems":true},"in2DMode":false,"pivot":{"x":47.864864349365237,"y":42.74030685424805,"z":-34.546607971191409},"rotation":{"x":-0.18819311261177064,"y":0.4934394657611847,"z":-0.11029276996850968,"w":-0.8419884443283081},"size":9.257335662841797,"orthographic":false}