{"cameraMode":{"drawMode":0,"name":"Shaded","section":"Shading Mode"},"sceneLighting":false,"audioPlay":false,"sceneViewState":{"showFog":true,"showMaterialUpdate":false,"showSkybox":false,"showFlares":true,"showImageEffects":true,"showParticleSystems":true},"in2DMode":false,"pivot":{"x":2.0856058597564699,"y":-1.1639493703842164,"z":-8.908960342407227},"rotation":{"x":-0.2718077600002289,"y":0.10281616449356079,"z":-0.029223646968603135,"w":-0.9564011693000794},"size":46.095096588134769,"orthographic":false}