{"cameraMode":{"drawMode":0,"name":"Shaded","section":"Shading Mode"},"sceneLighting":false,"audioPlay":false,"sceneViewState":{"showFog":true,"showMaterialUpdate":false,"showSkybox":false,"showFlares":true,"showImageEffects":true,"showParticleSystems":true},"in2DMode":false,"pivot":{"x":0.01091625727713108,"y":1.3314651250839234,"z":-1.351369857788086},"rotation":{"x":0.10932659357786179,"y":0.8248754143714905,"z":-0.1709069013595581,"w":0.5276654362678528},"size":5.855339050292969,"orthographic":false}