{"cameraMode":{"drawMode":0,"name":"Shaded","section":"Shading Mode"},"sceneLighting":false,"audioPlay":false,"sceneViewState":{"showFog":true,"showMaterialUpdate":false,"showSkybox":false,"showFlares":true,"showImageEffects":true,"showParticleSystems":true},"in2DMode":false,"pivot":{"x":0.5873981714248657,"y":1.2543134689331055,"z":-0.1658177375793457},"rotation":{"x":0.18022550642490388,"y":0.1916275918483734,"z":-0.03582222759723663,"w":0.9641199707984924},"size":3.92107892036438,"orthographic":false}