{"cameraMode":{"drawMode":0,"name":"Shaded","section":"Shading Mode"},"sceneLighting":false,"audioPlay":false,"sceneViewState":{"showFog":true,"showMaterialUpdate":false,"showSkybox":false,"showFlares":true,"showImageEffects":true,"showParticleSystems":true},"in2DMode":false,"pivot":{"x":0.36449864506721499,"y":4.202157020568848,"z":-1.9845690727233887},"rotation":{"x":-0.12436676770448685,"y":-0.08027904480695725,"z":-0.010095859877765179,"w":0.988932728767395},"size":14.850000381469727,"orthographic":false}