{"cameraMode":{"drawMode":0,"name":"Shaded","section":"Shading Mode"},"sceneLighting":false,"audioPlay":false,"sceneViewState":{"showFog":true,"showMaterialUpdate":false,"showSkybox":false,"showFlares":true,"showImageEffects":true,"showParticleSystems":true},"in2DMode":false,"pivot":{"x":-16.968603134155275,"y":6.279999732971191,"z":-1.5018664598464966},"rotation":{"x":-0.14499379694461823,"y":0.4664711058139801,"z":-0.07782287150621414,"w":-0.8690999150276184},"size":96.20658111572266,"orthographic":false}