{"cameraMode":{"drawMode":0,"name":"Shaded","section":"Shading Mode"},"sceneLighting":false,"audioPlay":false,"sceneViewState":{"showFog":true,"showMaterialUpdate":false,"showSkybox":false,"showFlares":true,"showImageEffects":true,"showParticleSystems":true},"in2DMode":false,"pivot":{"x":2.9465391635894777,"y":2.3898425102233888,"z":-3.5200891494750978},"rotation":{"x":0.14193974435329438,"y":0.46882161498069765,"z":-0.07662666589021683,"w":0.8684438467025757},"size":12.886921882629395,"orthographic":false}