{"cameraMode":{"drawMode":0,"name":"Shaded","section":"Shading Mode"},"sceneLighting":true,"audioPlay":false,"sceneViewState":{"showFog":true,"showMaterialUpdate":false,"showSkybox":false,"showFlares":true,"showImageEffects":true,"showParticleSystems":true},"in2DMode":false,"pivot":{"x":-0.12875421345233918,"y":3.7685978412628176,"z":0.07447515428066254},"rotation":{"x":0.01682465709745884,"y":-0.6398482322692871,"z":0.014013796113431454,"w":0.7681902647018433},"size":9.240373611450196,"orthographic":false}