{"cameraMode":{"drawMode":0,"name":"Shaded","section":"Shading Mode"},"sceneLighting":false,"audioPlay":false,"sceneViewState":{"showFog":true,"showMaterialUpdate":false,"showSkybox":false,"showFlares":true,"showImageEffects":true,"showParticleSystems":true},"in2DMode":false,"pivot":{"x":4.292570114135742,"y":6.237356662750244,"z":-33.945716857910159},"rotation":{"x":-0.15877781808376313,"y":0.42867761850357058,"z":-0.07681604474782944,"w":-0.8860781192779541},"size":2.882455587387085,"orthographic":false}