{"cameraMode":{"drawMode":0,"name":"Shaded","section":"Shading Mode"},"sceneLighting":false,"audioPlay":false,"sceneViewState":{"showFog":true,"showMaterialUpdate":false,"showSkybox":false,"showFlares":true,"showImageEffects":true,"showParticleSystems":true},"in2DMode":false,"pivot":{"x":0.25950121879577639,"y":0.780756950378418,"z":0.13363271951675416},"rotation":{"x":0.15817409753799439,"y":0.5993478298187256,"z":-0.12230594456195831,"w":0.7751240730285645},"size":3.5379886627197267,"orthographic":false}