{"cameraMode":{"drawMode":0,"name":"Shaded","section":"Shading Mode"},"sceneLighting":true,"audioPlay":false,"sceneViewState":{"showFog":true,"showMaterialUpdate":false,"showSkybox":true,"showFlares":true,"showImageEffects":true,"showParticleSystems":true},"in2DMode":false,"pivot":{"x":0.9147062301635742,"y":6.35360860824585,"z":1.3243114948272706},"rotation":{"x":-0.11879917234182358,"y":-0.0723252072930336,"z":0.008676008321344853,"w":-0.9902511239051819},"size":18.4842472076416,"orthographic":false}