{"cameraMode":{"drawMode":0,"name":"Shaded","section":"Shading Mode"},"sceneLighting":true,"audioPlay":false,"sceneViewState":{"showFog":true,"showMaterialUpdate":false,"showSkybox":false,"showFlares":true,"showImageEffects":true,"showParticleSystems":true},"in2DMode":false,"pivot":{"x":1.7807807922363282,"y":0.002295762300491333,"z":-0.13317561149597169},"rotation":{"x":0.01677704229950905,"y":0.9777798652648926,"z":-0.086167111992836,"w":0.19037564098834992},"size":31.764968872070314,"orthographic":false}