{"cameraMode":{"drawMode":0,"name":"Shaded","section":"Shading Mode"},"sceneLighting":false,"audioPlay":false,"sceneViewState":{"showFog":true,"showMaterialUpdate":false,"showSkybox":false,"showFlares":true,"showImageEffects":true,"showParticleSystems":true},"in2DMode":false,"pivot":{"x":9.65815258026123,"y":8.549908638000489,"z":-28.14208984375},"rotation":{"x":-0.20556002855300904,"y":0.6075601577758789,"z":-0.16677765548229218,"w":-0.7488755583763123},"size":20.51626968383789,"orthographic":false}