{"cameraMode":{"drawMode":0,"name":"Shaded","section":"Shading Mode"},"sceneLighting":false,"audioPlay":false,"sceneViewState":{"showFog":true,"showMaterialUpdate":false,"showSkybox":false,"showFlares":true,"showImageEffects":true,"showParticleSystems":true},"in2DMode":false,"pivot":{"x":1.3471603393554688,"y":14.196245193481446,"z":-2.517190933227539},"rotation":{"x":-0.23040461540222169,"y":0.43122705817222597,"z":-0.1149035394191742,"w":-0.8647351861000061},"size":48.14776611328125,"orthographic":false}