{"cameraMode":{"drawMode":0,"name":"Shaded","section":"Shading Mode"},"sceneLighting":false,"audioPlay":false,"sceneViewState":{"showFog":true,"showMaterialUpdate":false,"showSkybox":false,"showFlares":true,"showImageEffects":true,"showParticleSystems":true},"in2DMode":false,"pivot":{"x":0.17028330266475678,"y":0.6235641241073608,"z":-32.13323974609375},"rotation":{"x":0.015109716914594174,"y":-0.9247462153434753,"z":0.378500759601593,"w":0.036915380507707599},"size":56.176761627197269,"orthographic":false}