{"cameraMode":{"drawMode":0,"name":"Shaded","section":"Shading Mode"},"sceneLighting":false,"audioPlay":false,"sceneViewState":{"showFog":true,"showMaterialUpdate":false,"showSkybox":false,"showFlares":true,"showImageEffects":true,"showParticleSystems":true},"in2DMode":false,"pivot":{"x":4.561511039733887,"y":-4.08894681930542,"z":3.117680072784424},"rotation":{"x":0.2832692861557007,"y":0.27517208456993105,"z":-0.08521249890327454,"w":0.9147616028785706},"size":15.060739517211914,"orthographic":false}