{"cameraMode":{"drawMode":0,"name":"Shaded","section":"Shading Mode"},"sceneLighting":false,"audioPlay":false,"sceneViewState":{"showFog":true,"showMaterialUpdate":false,"showSkybox":false,"showFlares":true,"showImageEffects":true,"showParticleSystems":true},"in2DMode":false,"pivot":{"x":9.774988174438477,"y":14.559385299682618,"z":-22.055383682250978},"rotation":{"x":-0.15877781808376313,"y":0.42867761850357058,"z":-0.07681604474782944,"w":-0.8860781192779541},"size":30.436796188354493,"orthographic":false}