{"cameraMode":{"drawMode":0,"name":"Shaded","section":"Shading Mode"},"sceneLighting":false,"audioPlay":false,"sceneViewState":{"showFog":true,"showMaterialUpdate":false,"showSkybox":false,"showFlares":true,"showImageEffects":true,"showParticleSystems":true},"in2DMode":false,"pivot":{"x":-0.0003083944320678711,"y":0.8787575960159302,"z":0.043944425880908969},"rotation":{"x":-0.11879917234182358,"y":-0.0723252072930336,"z":0.008676008321344853,"w":-0.9902511239051819},"size":3.738957166671753,"orthographic":false}