{"cameraMode":{"drawMode":0,"name":"Shaded","section":"Shading Mode"},"sceneLighting":false,"audioPlay":false,"sceneViewState":{"showFog":true,"showMaterialUpdate":false,"showSkybox":false,"showFlares":true,"showImageEffects":true,"showParticleSystems":true},"in2DMode":false,"pivot":{"x":12.459677696228028,"y":19.12717056274414,"z":17.078950881958009},"rotation":{"x":-0.27144306898117068,"y":0.4101903736591339,"z":-0.12932038307189942,"w":-0.8610169291496277},"size":21.80132484436035,"orthographic":false}