{"cameraMode":{"drawMode":0,"name":"Shaded","section":"Shading Mode"},"sceneLighting":false,"audioPlay":false,"sceneViewState":{"showFog":true,"showMaterialUpdate":false,"showSkybox":false,"showFlares":true,"showImageEffects":true,"showParticleSystems":true},"in2DMode":false,"pivot":{"x":13.453064918518067,"y":1.094213843345642,"z":14.432376861572266},"rotation":{"x":-0.1382027268409729,"y":-0.7202919125556946,"z":0.1501455456018448,"w":-0.6629846096038818},"size":45.733154296875,"orthographic":false}